method,config,tag,seed,test_hr@5,test_hr@10,test_hr@20,test_ndcg@5,test_ndcg@10,test_ndcg@20,valid_hr@5,valid_hr@10,valid_hr@20,valid_ndcg@5,valid_ndcg@10,valid_ndcg@20,best_epoch,epochs_run,elapsed_sec,n_params,threads
SASRec-T,dropout=0.2,sasrec_t_d0.2_s42,42,0.05437553101104503,0.08827080445378527,0.12596699906094888,0.032649932538070844,0.04356797843017881,0.053094164440303335,0.07418503778562804,0.11013728032911506,0.15337834816437868,0.04275745655084527,0.05435419794326386,0.06523461977780733,16,36,1210.374838590622,902400,3
SASRec-T,dropout=0.2,sasrec_t_d0.2_s43,43,0.055180431963511155,0.08411214953271028,0.1231945624468989,0.03351597602222172,0.042802600391565415,0.05266160218935099,0.07172561820864821,0.1082591781066941,0.1531547645664714,0.042542655698392974,0.054340120523664846,0.06565658027999251,9,29,1179.1665434837341,902400,3
SASRec-T,dropout=0.2,sasrec_t_d0.2_s44,44,0.057192684344676475,0.08885212180834413,0.12766623440504404,0.03398377537410184,0.044122065328117396,0.053892270257267394,0.07463220498144256,0.11013728032911506,0.15369136520144883,0.043189275655153285,0.054637810584772316,0.0656142524787788,14,34,1373.5626170635223,902400,3
SASRec-T,dropout=0.2,sasrec_t_d0.2_s45,45,0.056387783392210344,0.08603496847471269,0.12610114921969323,0.034048573468032924,0.04357209734639404,0.053650659464363835,0.07355900371148773,0.11085274784241828,0.15686625229173187,0.04331439457787881,0.05528395698918442,0.06688202093436012,11,31,1213.6372175216675,902400,3
SASRec-T,dropout=0.2,sasrec_t_d0.2_s46,46,0.05777400169923534,0.08952287260206591,0.12905245271206905,0.034280361472816004,0.0445408922367913,0.05450353990357916,0.07494522201851272,0.11192594911237312,0.15780530340294235,0.043617913534495616,0.05548413082261722,0.06699887879913223,12,32,1130.2861609458923,902400,3
SASRec,dropout=0.2,sasrec_full_s42,42,0.050753476724947455,0.07619729016679336,0.11107633144032554,0.032360548863660486,0.04052820891929213,0.049328529532686224,0.06819299736171354,0.09998658498412556,0.13763806287170774,0.04140034693116303,0.051665241898963,0.0611141773028308,18,38,863.4749414920807,877824,4
SASRec,dropout=0.2,sasrec_full_s43,43,0.04963555873541117,0.07767294191298127,0.1117470822340473,0.03159429324415373,0.040589947713051404,0.04918490092470546,0.06711979609175871,0.09904753387291508,0.137861646469615,0.04137113450397906,0.051694219677228564,0.061464862565438656,17,37,974.0586125850677,877824,3
SASRec,dropout=0.2,sasrec_full_s44,44,0.051558377677413586,0.07668917408218934,0.11080803112283683,0.033339159068544476,0.04139486186207358,0.049977938796053556,0.06801413048338774,0.10012073514286991,0.13629656128426418,0.04210823787164741,0.052472976515165665,0.06156098900734253,23,43,1140.4985256195068,877824,3
SASRec,dropout=0.2,sasrec_full_s45,45,0.05093234360327326,0.0789250100612619,0.11152349863614006,0.03216562760194772,0.041208837850190215,0.049430832407189894,0.06810356392255064,0.10047846889952153,0.13906899789831417,0.04223097869348415,0.05271293345488604,0.062411958466478984,17,37,988.6793031692505,877824,3
SASRec,dropout=0.2,sasrec_full_s46,46,0.0490542413808523,0.07190448508697402,0.0994052676295667,0.033989788397836215,0.04134087941098227,0.04828879959766802,0.06577829450431516,0.09327907704690784,0.1276215176854626,0.04301521620623784,0.05186850077862352,0.06052926336581806,46,66,1813.8674566745758,877824,3
GRU4Rec,dropout=0.5,gru4rec_d0.5_s42,42,0.04248088360237893,0.06448150963645306,0.09274247641193042,0.02845655403427029,0.03551666268739694,0.042617347606971216,0.05875776953002728,0.08675043598801592,0.1206904261503376,0.03990471146132854,0.04891726541765481,0.05741902783196828,45,65,953.4936649799347,803264,3
GRU4Rec,dropout=0.5,gru4rec_d0.5_s43,43,0.040558064660376515,0.05996512095872647,0.0904619237132764,0.02723409296888445,0.03349867005565932,0.041211365213289476,0.05777400169923534,0.08554308455931672,0.12136117694405939,0.03920161158224946,0.04807589952238784,0.05708738480660341,45,65,1035.48015999794,803264,3
GRU4Rec,dropout=0.5,gru4rec_d0.5_s44,44,0.040110897464562,0.060770021911192594,0.09041720699369495,0.02732522764793474,0.03393904721670903,0.04140362919461301,0.05826588561463131,0.08625855207261995,0.12113759334615212,0.03988197142647654,0.04890509749253599,0.057666502542832294,49,69,1176.6316335201263,803264,3
GRU4Rec,dropout=0.5,gru4rec_d0.5_s45,45,0.04104994857577248,0.0626034074140321,0.09220587577695301,0.028012147516462034,0.034897617571818605,0.04233749535769582,0.05974153736081921,0.08527478424182802,0.12243437821401422,0.040563605191701914,0.04878439383432163,0.05815866177630452,42,62,1102.2702481746674,803264,3
GRU4Rec,dropout=0.5,gru4rec_d0.5_s46,46,0.04252560032196038,0.06434735947770871,0.09135625810490543,0.028662684208889042,0.03568326075699488,0.04247855018390843,0.05692438402718777,0.08254706434735948,0.11724723874256585,0.03856762809685255,0.046814464323293906,0.055571629852269086,53,73,1297.9494507312775,803264,3
BERT4Rec,dropout=0.2,bert4rec_d0.2_s42,42,0.032822072172785405,0.0504404596878773,0.07870142646335465,0.020699442616698982,0.026377402090275788,0.0334621708545808,0.04699727228010553,0.07150203461074095,0.10508429101641104,0.030206831856598493,0.03810972325427589,0.04654553795630182,71,91,2166.75332570076,894277,3
BERT4Rec,dropout=0.2,bert4rec_d0.2_s43,43,0.03572865894557975,0.05222912847113536,0.0815185797969861,0.02271478667214997,0.028032207895312536,0.03535333723324152,0.044940303179358765,0.07083128381701918,0.10517372445557394,0.02908000738707074,0.0374075952689871,0.04605162913550854,67,87,2336.9890098571777,894277,3
BERT4Rec,dropout=0.2,bert4rec_d0.2_s44,44,0.03322452264901847,0.051916111434065194,0.07834369270670304,0.02132768583251304,0.027360531433742598,0.03400712699259368,0.04690783884094263,0.07181505164781112,0.10173053704780217,0.029222533943871244,0.037193641101859354,0.04472054454862032,65,85,2325.941328763962,894277,3
BERT4Rec,dropout=0.2,bert4rec_d0.2_s45,45,0.03349282296650718,0.05254214550820552,0.07879085990251755,0.021712990926452142,0.027837622671986837,0.034411376926070644,0.0459240710101507,0.07203863524571838,0.10329562223315297,0.029091982283567044,0.037461888001417636,0.04532562943649285,67,87,2494.960589647293,894277,3
BERT4Rec,dropout=0.2,bert4rec_d0.2_s46,46,0.03210660465948218,0.051737244555739394,0.07843312614586594,0.020841735093825916,0.02718226918078201,0.033897658680564983,0.04400125206814828,0.07078656709743773,0.10021016858203283,0.028043549151004377,0.03673287969927621,0.04417993345203932,91,111,3260.1188151836395,894277,3
MF-BPR,l2=1e-4,mf_bpr_l2e-4_s42,42,0.004874122434378214,0.013906899789831418,0.02785851629924429,0.002346217228172809,0.005239316087184123,0.008731359046124883,0.008719760318383044,0.023565711219424943,0.04234673344363458,0.004317410184010944,0.009057182989578982,0.01377893974475939,81,101,242.05537462234497,2205696,3
MF-BPR,l2=1e-4,mf_bpr_l2e-4_s43,43,0.004113938201493538,0.012565398202387872,0.026248714394312034,0.0020484585611887877,0.004727526594268312,0.008161359926808517,0.008362026561731432,0.022537226669051558,0.04359880159191522,0.004037601034489254,0.008566825013518735,0.013851584319752518,125,145,361.3982083797455,2205696,3
MF-BPR,l2=1e-4,mf_bpr_l2e-4_s44,44,0.005097706032285472,0.013996333228994321,0.025935697357241872,0.0025379015010710553,0.005401001524140638,0.00840135227649991,0.008406743281312882,0.02106157492286366,0.03957429682958458,0.004057211545973482,0.008068123660876026,0.012687286766193592,61,81,194.52795243263245,2205696,3
MF-BPR,l2=1e-4,mf_bpr_l2e-4_s45,45,0.005634306667262889,0.015024817779367705,0.029155301167106382,0.002796644761152549,0.005776510031023648,0.009352166687455922,0.009927111747082233,0.024102311854402363,0.042615033761123286,0.004685784529485293,0.00921543664139986,0.013876652148222092,59,79,191.4516749382019,2205696,3
MF-BPR,l2=1e-4,mf_bpr_l2e-4_s46,46,0.004918839153959666,0.012610114921969324,0.025130796404775745,0.0024798700943516353,0.004946386158482263,0.008106947073475528,0.00952466127084917,0.022939677145284623,0.039350713231677326,0.004772544021282753,0.009081537649182963,0.013219698208675081,44,64,150.3719027042389,2205696,3
