method,config,tag,seed,valid_ndcg@10,best_epoch,elapsed_sec,selected
SASRec,dropout=0.2,sasrec_full,42,0.051665241898963,18,863.4749414920807,False
SASRec,dropout=0.5,sasrec_d0.5,42,,,,False
GRU4Rec,dropout=0.2,gru4rec_d0.2,42,0.04735961915082652,30,626.9633069038391,False
GRU4Rec,dropout=0.5,gru4rec_d0.5,42,0.04891726541765481,45,953.4936649799347,True
BERT4Rec,dropout=0.2,bert4rec_d0.2,42,0.03810972325427589,71,2166.75332570076,True
BERT4Rec,dropout=0.5,bert4rec_d0.5,42,0.036257542881549115,163,5722.536686420441,False
SASRec-T,dropout=0.2,sasrec_t_d0.2,42,0.05435419794326386,16,1210.374838590622,True
SASRec-T,dropout=0.5,sasrec_t_d0.5,42,0.05330088530133127,19,1557.3729734420776,False
MF-BPR,l2=1e-5,mf_bpr_l2e-5,42,0.009039529285175017,81,240.63711857795715,False
MF-BPR,l2=1e-4,mf_bpr_l2e-4,42,0.009057182989578982,81,242.05537462234497,True
